,id,name,read,pattern,sequence,feature_type,target_gene_id,target_gene_name
1,FOS,FOS,R2,(BC)GTTTAAGAGCTAAGCTGGAA,CTGAGAAGCCAAGACTGAGC,CRISPR Guide Capture,ENSG00000170345,FOS
2,FOSL2,FOSL2,R2,(BC)GTTTAAGAGCTAAGCTGGAA,TCATCTCGGGCAGAGCGCTA,CRISPR Guide Capture,ENSG00000075426,FOSL2
3,JUNB,JUNB,R2,(BC)GTTTAAGAGCTAAGCTGGAA,GGCCAGCCTCGGAGCCAGCA,CRISPR Guide Capture,ENSG00000171223,JUNB
4,STAT1,STAT1,R2,(BC)GTTTAAGAGCTAAGCTGGAA,GGAGGGGCTCGGCTGCACCG,CRISPR Guide Capture,ENSG00000115415,STAT1
5,NR0B1,NR0B1,R2,(BC)GTTTAAGAGCTAAGCTGGAA,GGATGCTGCCCTGCCACTGG,CRISPR Guide Capture,ENSG00000169297,NR0B1
6,TSHZ2,TSHZ2,R2,(BC)GTTTAAGAGCTAAGCTGGAA,TGTCTTGTGTGTGTGTGCGA,CRISPR Guide Capture,ENSG00000182463,TSHZ2
7,NKX2-5,NKX2-5,R2,(BC)GTTTAAGAGCTAAGCTGGAA,ACCATGCAGGGAAGCTGCCA,CRISPR Guide Capture,ENSG00000183072,NKX2-5
8,NFE2L3,NFE2L3,R2,(BC)GTTTAAGAGCTAAGCTGGAA,GGGATCGGGAGAAGCGAAGA,CRISPR Guide Capture,ENSG00000050344,NFE2L3
9,JUN,JUN,R2,(BC)GTTTAAGAGCTAAGCTGGAA,GTGTGGCTGAAGCAGCGAGG,CRISPR Guide Capture,ENSG00000177606,JUN
10,PPARG,PPARG,R2,(BC)GTTTAAGAGCTAAGCTGGAA,GAGCCAACTCACCTAAGGAA,CRISPR Guide Capture,ENSG00000132170,PPARG
11,ZIC2,ZIC2,R2,(BC)GTTTAAGAGCTAAGCTGGAA,AAGGCGCGGAGAGGAAGAGG,CRISPR Guide Capture,ENSG00000043355,ZIC2
12,NFKB2,NFKB2,R2,(BC)GTTTAAGAGCTAAGCTGGAA,GGAGAGCGAGATCCGGAGTT,CRISPR Guide Capture,ENSG00000077150,NFKB2
13,IRF1,IRF1,R2,(BC)GTTTAAGAGCTAAGCTGGAA,GGCTCCGGGTGGCCTCGGTT,CRISPR Guide Capture,ENSG00000125347,IRF1
14,SMYD3,SMYD3,R2,(BC)GTTTAAGAGCTAAGCTGGAA,CGGGAGGATGGAGCCGCTGA,CRISPR Guide Capture,ENSG00000185420,SMYD3
15,ZNF22,ZNF22,R2,(BC)GTTTAAGAGCTAAGCTGGAA,CGCCCAGCGAGCCAGAGTGG,CRISPR Guide Capture,ENSG00000165512,ZNF22
16,TCF4,TCF4,R2,(BC)GTTTAAGAGCTAAGCTGGAA,GGCGGGGAGGCAGCAGGCGC,CRISPR Guide Capture,ENSG00000196628,TCF4
17,KLF12,KLF12,R2,(BC)GTTTAAGAGCTAAGCTGGAA,CCTCGGGCGGAGCGGCTCGG,CRISPR Guide Capture,ENSG00000118922,KLF12
18,DDIT3,DDIT3,R2,(BC)GTTTAAGAGCTAAGCTGGAA,GTATCATGTTAAAGATGAGC,CRISPR Guide Capture,ENSG00000175197,DDIT3